Team,Team_Full,Player,Position,Updated,Injury,Injury Status,Status_Clean
ATL,Atlanta,N'Faly Dante,C,"Wed, Nov 19",Knee,Expected to be out until at least Dec 18,OUT
ATL,Atlanta,Eli N'Diaye,PF,"Sun, Nov 16",Groin,Game Time Decision,GTD
ATL,Atlanta,Trae Young,PG,"Sat, Nov 1",Knee,Expected to be out until at least Nov 30,OUT
BOS,Boston,Jayson Tatum,PF,"Wed, Oct 1",Achilles,Expected to be out until at least Apr 1,OUT
BKN,Brooklyn,Ben Saraf,PG,"Tue, Nov 18",Ankle,Expected to be out until at least Nov 28,OUT
BKN,Brooklyn,Cam Thomas,SG,"Fri, Nov 7",Hamstring,Expected to be out until at least Dec 18,OUT
BKN,Brooklyn,Haywood Highsmith,SF,"Sun, Oct 19",Knee,Expected to be out until at least Dec 18,OUT
CHA,Charlotte,Tre Mann,PG,"Thu, Nov 20",Ankle,Game Time Decision,GTD
CHA,Charlotte,Brandon Miller,SG,"Thu, Nov 20",Shoulder,Game Time Decision,GTD
CHA,Charlotte,Grant Williams,PF,"Sun, Nov 16",Knee,Expected to be out until at least Nov 23,OUT
CHA,Charlotte,Josh Green,SF,"Sun, Nov 16",Shoulder,Expected to be out until at least Nov 23,OUT
CHI,Chicago,Trentyn Flowers,SF,"Fri, Nov 21",Illness,Game Time Decision,GTD
CHI,Chicago,Coby White,PG,"Thu, Nov 20",Rest,Game Time Decision,GTD
CHI,Chicago,Jalen Smith,PF,"Thu, Nov 20",Chest,Game Time Decision,GTD
CHI,Chicago,Tre Jones,PG,"Thu, Nov 20",Ankle,Game Time Decision,GTD
CHI,Chicago,Zach Collins,C,"Thu, Nov 20",Wrist,Expected to be out until at least Dec 1,OUT
CLE,Cleveland,Darius Garland,PG,"Thu, Nov 20",Toe,Game Time Decision,GTD
CLE,Cleveland,Sam Merrill,SG,"Thu, Nov 20",Hand,Expected to be out until at least Nov 23,OUT
CLE,Cleveland,Jarrett Allen,C,"Thu, Nov 20",Finger,Game Time Decision,GTD
CLE,Cleveland,Jaylon Tyson,SF,"Thu, Nov 20",Concussion,Game Time Decision,GTD
CLE,Cleveland,Max Strus,SG,"Wed, Oct 1",Foot,Expected to be out until at least Dec 1,OUT
DAL,Dallas,D'Angelo Russell,PG,"Fri, Nov 21",Illness,Game Time Decision,GTD
DAL,Dallas,Dante Exum,SG,"Thu, Nov 20",Knee,Out for the season,OUT
DAL,Dallas,Ryan Nembhard,PG,"Mon, Nov 17",Knee,Expected to be out until at least Dec 1,OUT
DAL,Dallas,Anthony Davis,C,"Sun, Nov 16",Calf,Expected to be out until at least Nov 24,OUT
DAL,Dallas,Kyrie Irving,PG,"Wed, Oct 1",Knee,Expected to be out until at least Jan 1,OUT
DEN,Denver,Julian Strawther,SF,"Thu, Nov 20",Back,Expected to be out until at least Nov 22,OUT
DEN,Denver,Aaron Gordon,PF,"Thu, Nov 20",Hamstring,Game Time Decision,GTD
DEN,Denver,Christian Braun,SF,"Fri, Nov 14",Ankle,Expected to be out until at least Jan 9,OUT
DET,Detroit,Caris LeVert,SG,"Tue, Nov 18",Ankle,Game Time Decision,GTD
DET,Detroit,Tobias Harris,PF,"Tue, Nov 18",Ankle,Game Time Decision,GTD
DET,Detroit,Bobi Klintman,PF,"Mon, Nov 17",Ankle,Expected to be out until at least Nov 24,OUT
DET,Detroit,Marcus Sasser,PG,"Sat, Nov 8",Hip,Expected to be out until at least Dec 18,OUT
DET,Detroit,Jaden Ivey,SG,"Thu, Oct 16",Knee,Expected to be out until at least Nov 24,OUT
UNK,Golden St.,Jimmy Butler,SF,"Thu, Nov 20",Back,Game Time Decision,GTD
UNK,Golden St.,Jonathan Kuminga,PF,"Thu, Nov 20",Knee,Expected to be out until at least Nov 24,OUT
UNK,Golden St.,Draymond Green,PF,"Thu, Nov 20",Illness,Game Time Decision,GTD
UNK,Golden St.,Buddy Hield,SF,"Thu, Nov 20",Illness,Game Time Decision,GTD
UNK,Golden St.,De'Anthony Melton,SG,"Wed, Nov 19",Knee,Expected to be out until at least Dec 2,OUT
HOU,Houston,Jabari Smith,PF,"Thu, Nov 20",Knee,Game Time Decision,GTD
HOU,Houston,Steven Adams,C,"Thu, Nov 20",Ankle,Game Time Decision,GTD
HOU,Houston,Tari Eason,PF,"Sat, Nov 15",Hip,Expected to be out until at least Dec 18,OUT
HOU,Houston,Dorian Finney-Smith,PF,"Mon, Nov 10",Ankle,Expected to be out until at least Nov 24,OUT
HOU,Houston,Fred VanVleet,PG,"Tue, Oct 21",Knee,Expected to be out until at least Jun 1,OUT
IND,Indiana,Quenton Jackson,SG,"Thu, Nov 20",Hamstring,Expected to be out until at least Nov 24,OUT
IND,Indiana,Johnny Furphy,SG,"Thu, Nov 20",Ankle,Expected to be out until at least Nov 24,OUT
IND,Indiana,Aaron Nesmith,SF,"Sat, Nov 15",Knee,Expected to be out until at least Dec 18,OUT
IND,Indiana,Kam Jones,PG,"Mon, Nov 10",Back,Expected to be out until at least Dec 3,OUT
IND,Indiana,Obi Toppin,PF,"Fri, Oct 31",Foot,Expected to be out until at least Feb 2,OUT
IND,Indiana,Tyrese Haliburton,PG,"Tue, Oct 28",Achilles,Out for the season,OUT
UNK,L.A. Clippers,Jordan Miller,SG,"Thu, Nov 20",Hamstring,Game Time Decision,GTD
UNK,L.A. Clippers,Kawhi Leonard,SF,"Thu, Nov 20",Ankle,Game Time Decision,GTD
UNK,L.A. Clippers,Derrick Jones Jr.,SF,"Mon, Nov 17",Knee,Expected to be out until at least Dec 30,OUT
UNK,L.A. Clippers,Bradley Beal,SG,"Wed, Nov 12",Hip,Out for the season,OUT
MEM,Memphis,Jaren Jackson Jr.,PF,"Fri, Nov 21",Ankle,Game Time Decision,GTD
MEM,Memphis,Ja Morant,PG,"Mon, Nov 17",Calf,Expected to be out until at least Dec 2,OUT
MEM,Memphis,Ty Jerome,SG,"Mon, Nov 17",Calf,Expected to be out until at least Nov 24,OUT
MEM,Memphis,Javon Small,PG,"Sat, Nov 15",Toe,Expected to be out until at least Dec 7,OUT
MEM,Memphis,Brandon Clarke,C,"Tue, Nov 11",Knee,Expected to be out until at least Dec 30,OUT
MEM,Memphis,Scotty Pippen Jr.,PG,"Sat, Oct 18",Toe,Expected to be out until at least Jan 15,OUT
MIA,Miami,Nikola Jovic,PF,"Thu, Nov 20",Hip,Expected to be out until at least Nov 23,OUT
MIA,Miami,Andrew Wiggins,SF,"Thu, Nov 20",Hip,Expected to be out until at least Nov 23,OUT
MIA,Miami,Tyler Herro,PG,"Wed, Nov 19",Ankle,Expected to be out until at least Nov 24,OUT
MIA,Miami,Terry Rozier,SG,"Thu, Oct 23",Not Injury Related,Expected to be out until at least Dec 1,OUT
MIL,Milwaukee,Giannis Antetokounmpo,PF,"Fri, Nov 21",Thigh,Expected to be out until at least Nov 28,OUT
MIL,Milwaukee,Taurean Prince,SG,"Thu, Nov 13",Neck,Expected to be out until at least Jan 2,OUT
MIL,Milwaukee,Kevin Porter,PG,"Fri, Oct 31",Knee,Expected to be out until at least Nov 28,OUT
MIN,Minnesota,Jaden McDaniels,SF,"Thu, Nov 20",Wrist,Game Time Decision,GTD
MIN,Minnesota,Joe Ingles,SG,"Thu, Nov 20",Groin,Game Time Decision,GTD
MIN,Minnesota,Terrence Shannon Jr.,SG,"Fri, Nov 14",Foot,Expected to be out until at least Nov 24,OUT
NOP,New Orleans,Jordan Poole,SG,"Thu, Nov 20",Quadriceps,Expected to be out until at least Nov 22,OUT
NOP,New Orleans,Karlo Matkovic,PF,"Thu, Nov 20",Calf,Expected to be out until at least Nov 22,OUT
NOP,New Orleans,Dejounte Murray,PG,"Thu, Oct 2",Achilles,Expected to be out until at least Jan 2,OUT
NYK,New York,Jalen Brunson,PG,"Fri, Nov 21",Ankle,Game Time Decision,GTD
NYK,New York,OG Anunoby,SF,"Sun, Nov 16",Hamstring,Expected to be out until at least Dec 2,OUT
NYK,New York,Kevin McCullar Jr.,SG,"Sat, Nov 15",Back,Game Time Decision,GTD
UNK,Oklahoma City,Aaron Wiggins,SG,"Thu, Nov 20",Thigh,Expected to be out until at least Nov 23,OUT
UNK,Oklahoma City,Jalen Williams,SF,"Thu, Nov 20",Wrist,Expected to be out until at least Nov 23,OUT
UNK,Oklahoma City,Kenrich Williams,SG,"Tue, Nov 18",Knee,Expected to be out until at least Nov 23,OUT
UNK,Oklahoma City,Nikola Topic,PG,"Thu, Oct 30",Groin,Expected to be out until at least Feb 20,OUT
UNK,Oklahoma City,Thomas Sorber,PF,"Tue, Oct 28",Knee,Out for the season,OUT
ORL,Orlando,Paolo Banchero,PF,"Fri, Nov 21",Groin,Expected to be out until at least Nov 23,OUT
ORL,Orlando,Colin Castleton,C,"Fri, Nov 21",Hand,Game Time Decision,GTD
ORL,Orlando,Moe Wagner,C,"Mon, Nov 17",Knee,Expected to be out until at least Nov 25,OUT
PHI,Philadelphia,Adem Bona,PF,"Fri, Nov 21",Ankle,Game Time Decision,GTD
PHI,Philadelphia,Joel Embiid,C,"Fri, Nov 21",Knee,Game Time Decision,GTD
PHI,Philadelphia,Kelly Oubre Jr.,SG,"Wed, Nov 19",Knee,Expected to be out until at least Dec 4,OUT
PHX,Phoenix,Rasheer Fleming,PF,"Thu, Nov 20",Ankle,Expected to be out until at least Nov 23,OUT
PHX,Phoenix,Grayson Allen,SG,"Thu, Nov 20",Quadriceps,Expected to be out until at least Nov 23,OUT
PHX,Phoenix,Jalen Green,SG,"Tue, Nov 11",Hamstring,Expected to be out until at least Dec 18,OUT
POR,Portland,Shaedon Sharpe,SG,"Fri, Nov 21",Calf,Expected to be out until at least Nov 23,OUT
POR,Portland,Jrue Holiday,PG,"Fri, Nov 21",Calf,Expected to be out until at least Nov 23,OUT
POR,Portland,Robert Williams III,C,"Thu, Nov 20",Knee,Game Time Decision,GTD
POR,Portland,Jerami Grant,PF,"Thu, Nov 20",Illness,Game Time Decision,GTD
POR,Portland,Scoot Henderson,PG,"Wed, Nov 19",Hamstring,Expected to be out until at least Dec 5,OUT
POR,Portland,Matisse Thybulle,SF,"Wed, Nov 19",Thumb,Expected to be out until at least Dec 2,OUT
POR,Portland,Blake Wesley,SG,"Wed, Nov 5",Foot,Expected to be out until at least Jan 30,OUT
POR,Portland,Damian Lillard,PG,"Tue, Oct 28",Achilles,Out for the season,OUT
SAC,Sacramento,Domantas Sabonis,C,"Thu, Nov 20",Knee,Expected to be out until at least Dec 18,OUT
SAS,San Antonio,Dylan Harper,PG,"Fri, Nov 21",Calf,Game Time Decision,GTD
SAS,San Antonio,Jordan McLaughlin,PG,"Fri, Nov 21",Hamstring,Game Time Decision,GTD
SAS,San Antonio,Stephon Castle,PG,"Tue, Nov 18",Hip,Expected to be out until at least Nov 30,OUT
SAS,San Antonio,Victor Wembanyama,C,"Mon, Nov 17",Calf,Expected to be out until at least Dec 2,OUT
TOR,Toronto,Collin Murray-Boyles,PF,"Thu, Nov 20",Knee,Expected to be out until at least Nov 23,OUT
UTA,Utah,Georges Niang,PF,"Tue, Nov 18",Foot,Expected to be out until at least Nov 24,OUT
UTA,Utah,Walker Kessler,C,"Wed, Nov 5",Shoulder,Out for the season,OUT
WAS,Washington,Marvin Bagley III,C,"Thu, Nov 20",Hip,Game Time Decision,GTD
WAS,Washington,Alex Sarr,C,"Thu, Nov 20",Toe,Game Time Decision,GTD
